FID,START_X,START_Y,END_X,END_Y
0,0.05,0.4160,0.2200,  0.0624
1,0.05,0.2750,0.2500,  0.1350
2,0.15,0.6300,0.4500,  0.0900
3,0.15,0.9167,0.4000,  0.5000
4,0.65,0.8333,0.849723,0.167625
5,0.70,0.2350,0.849723,0.167625
6,0.60,0.3800,0.8500,  0.2675
7,0.35,0.9714,0.8000,  0.7143
8,0.75,0.9574,0.9500,  0.8155
9,0.15,0.8363,0.4000,  0.9727
